question,n,W,p,rank_biserial
Q2,9,0.0,0.015625,1.0
Q3,9,0.0,0.015625,1.0
Q4,9,0.0,0.0625,1.0
Q5,9,0.0,0.015625,1.0
Q6,9,0.0,0.015625,1.0
Q7,9,0.0,0.0078125,1.0
Q8,9,0.0,0.0078125,1.0
Q9,9,0.0,0.0078125,1.0
Q10,9,0.0,0.0078125,1.0
Q11,9,0.0,0.03125,1.0
Q12,9,0.0,0.015625,1.0
Q13,9,0.0,0.03125,1.0
